Population_Size,Cooperation_Index
2,0.32164453125
3,0.579413505
5,0.6273092800000001
10,0.64739058125
25,0.667926895
50,0.6705164837500001
