Population_Size,Cooperation_Index
2,0.26296071000000004
3,0.46137058499999994
5,0.5099837125000001
10,0.5549471625000001
25,0.5530600375
50,0.5764893799999998
