Population_Size,Cooperation_Index
2,0.1599546725
3,0.24740101750000001
5,0.2981793225
10,0.319827175
25,0.3366488625000001
50,0.33937459749999993
